Website,Local DNS (130.245.255.4)
google.com,11
youtube.com,8
tmall.com,123
baidu.com,30
qq.com,152
sohu.com,287
facebook.com,9
taobao.com,72
360.cn,71
jd.com,339
amazon.com,10
yahoo.com,11
wikipedia.org,10
weibo.com,276
sina.com.cn,285
zoom.us,8
xinhuanet.com,428
live.com,8
netflix.com,12
reddit.com,10
instagram.com,8
microsoft.com,7
office.com,9
google.com.hk,133
panda.tv,36