Website,Google DNS(8.8.8.8)
google.com,9
youtube.com,14
tmall.com,11
baidu.com,14
qq.com,42
sohu.com,60
facebook.com,18
taobao.com,35
360.cn,30
jd.com,45
amazon.com,13
yahoo.com,17
wikipedia.org,18
weibo.com,40
sina.com.cn,41
zoom.us,33
xinhuanet.com,66
live.com,21
netflix.com,20
reddit.com,20
instagram.com,19
microsoft.com,72
office.com,14
google.com.hk,18
panda.tv,25